{
  "Ндумюф": 344045.9622936551,
  "Сошекёш": 287746.0,
  "Аепязод": 491676.10469907575,
  "Пшилюби": 556987.0,
  "Можяш": 56516.0,
  "Хряй": 344045.9622936551,
  "Нэвюфю": 287746.0
}